,0
0,https://www.youtube.com/watch?v=b4gM-03VDZg
1,https://www.youtube.com/watch?v=0ArT-wrtYRY
2,https://www.youtube.com/watch?v=oWn4P85LAe0
3,https://www.youtube.com/watch?v=QsohPmDKusw
4,https://www.youtube.com/watch?v=f8nV6acWTv4
5,https://www.youtube.com/watch?v=dLhIlp_ahGQ
6,https://www.youtube.com/watch?v=9ElVtpPbk54
7,https://www.youtube.com/watch?v=hdP4VMygYW0
8,https://www.youtube.com/watch?v=ZtqeyPdH2UE
9,https://www.youtube.com/watch?v=WB_VNoMBrhM
10,https://www.youtube.com/watch?v=Tz4eEhUK20c
11,https://www.youtube.com/watch?v=F2yQ17Q22s0
12,https://www.youtube.com/watch?v=dCqea-ecvn8
13,https://www.youtube.com/watch?v=TtsCiVkozl0
14,https://www.youtube.com/watch?v=96joDv__KYk
15,https://www.youtube.com/watch?v=2a817fgzPqE
16,https://www.youtube.com/watch?v=AQkwoXZ8Y8k
17,https://www.youtube.com/watch?v=TIz4rQdVGcY
18,https://www.youtube.com/watch?v=lp-aYadrpQ0
19,https://www.youtube.com/watch?v=TeKK1QbS9hA
20,https://www.youtube.com/watch?v=mAHOezovjes
21,https://www.youtube.com/watch?v=1qKVlw3RywQ
22,https://www.youtube.com/watch?v=jgt6JRiaYbk
23,https://www.youtube.com/watch?v=6-kE0pDjxz4
24,https://www.youtube.com/watch?v=efTIwy6Myuk
25,https://www.youtube.com/watch?v=CLrLLy_7RzA
26,https://www.youtube.com/watch?v=buJDxRzrwoU
27,https://www.youtube.com/watch?v=Bq_7KBXMXH4
28,https://www.youtube.com/watch?v=tU6FGaOAHIo
29,https://www.youtube.com/watch?v=clXTQiEt5WQ
30,https://www.youtube.com/watch?v=si8TKULKmLE
31,https://www.youtube.com/watch?v=hytNB8Y4mF4
32,https://www.youtube.com/watch?v=AxVkRZhPOEs
33,https://www.youtube.com/watch?v=2Yv7BBeQRSA
34,https://www.youtube.com/watch?v=QsyVwgudnZY
35,https://www.youtube.com/watch?v=Zf89TT4aS-w
36,https://www.youtube.com/watch?v=T28n_akgJe8
37,https://www.youtube.com/watch?v=EzF-NwJotVE
38,https://www.youtube.com/watch?v=zuCdQQ0g5HE
39,https://www.youtube.com/watch?v=1O1xVGTYl-M
40,https://www.youtube.com/watch?v=EjOzP9PsLSM
41,https://www.youtube.com/watch?v=wAZZ4Q3R8Hs
42,https://www.youtube.com/watch?v=Y0n1LzuYwto
43,https://www.youtube.com/watch?v=eMsb9xICaOQ
44,https://www.youtube.com/watch?v=ElZSw_Cif8Q
45,https://www.youtube.com/watch?v=zz6P0hA2Ifs
46,https://www.youtube.com/watch?v=zLhVuzE3RXM
47,https://www.youtube.com/watch?v=keUmju-v9y8
48,https://www.youtube.com/watch?v=6UL7M5wypyw
49,https://www.youtube.com/watch?v=caTCPq5_pYA
50,https://www.youtube.com/watch?v=WNRRIbrRXI4
51,https://www.youtube.com/watch?v=eeD6Sy--9W8
52,https://www.youtube.com/watch?v=rW5gT64cjm4
53,https://www.youtube.com/watch?v=YeyqZagrHJo
54,https://www.youtube.com/watch?v=TejAeDNaS2Y
55,https://www.youtube.com/watch?v=3dWuQsIRMaE
56,https://www.youtube.com/watch?v=vxTTFx8N-YY
57,https://www.youtube.com/watch?v=SJzdqkJ9U10
58,https://www.youtube.com/watch?v=XaAOX0yz1oM
59,https://www.youtube.com/watch?v=gx9Tmod6sXs
60,https://www.youtube.com/watch?v=yzKh4cpayOg
61,https://www.youtube.com/watch?v=B27rbkzuDVw
62,https://www.youtube.com/watch?v=dRjU0yGptv8
63,https://www.youtube.com/watch?v=1hwEvbwsje0
64,https://www.youtube.com/watch?v=7P4gycr1JMM
65,https://www.youtube.com/watch?v=2lDn-_mTeH8
66,https://www.youtube.com/watch?v=Z3TqVPgkReQ
67,https://www.youtube.com/watch?v=m8vgRxcs2bQ
68,https://www.youtube.com/watch?v=iY7suTf01yQ
69,https://www.youtube.com/watch?v=fgwCxXduK6E
70,https://www.youtube.com/watch?v=xd2buaFgsFU
71,https://www.youtube.com/watch?v=90IGVziB-mQ
72,https://www.youtube.com/watch?v=0Wj-4d1JTTA
73,https://www.youtube.com/watch?v=HjaSlUbJvGA
74,https://www.youtube.com/watch?v=vMgi4fspQ98
75,https://www.youtube.com/watch?v=RCJLXA65VKw
76,https://www.youtube.com/watch?v=sT4kCrxQkxs
77,https://www.youtube.com/watch?v=6mXO3Dh9f2Y
78,https://www.youtube.com/watch?v=wd_XjKjfmEs
79,https://www.youtube.com/watch?v=SQpP9mVVIE4
80,https://www.youtube.com/watch?v=LRgUHGxSODk
81,https://www.youtube.com/watch?v=AJLp_g31zBM
82,https://www.youtube.com/watch?v=8sIbZJjHNBo
83,https://www.youtube.com/watch?v=1gBwiEDlubw
84,https://www.youtube.com/watch?v=1qyS5wgAbZg
85,https://www.youtube.com/watch?v=Ny9KnPcDZus
86,https://www.youtube.com/watch?v=JR7nNQ6WUO4
87,https://www.youtube.com/watch?v=2Lo3LYtHVVc
88,https://www.youtube.com/watch?v=jfZu6syY9Ms
89,https://www.youtube.com/watch?v=FsdCC4qKMoc
90,https://www.youtube.com/watch?v=MSEnmUzEXOs
91,https://www.youtube.com/watch?v=ENAFMXh39x8
92,https://www.youtube.com/watch?v=IqW6VE7c6qo
93,https://www.youtube.com/watch?v=LyXZcVzXuGo
94,https://www.youtube.com/watch?v=8NU4ho1h7nU
95,https://www.youtube.com/watch?v=vo5dIBlnwOk
96,https://www.youtube.com/watch?v=BthwCG2MW4I
97,https://www.youtube.com/watch?v=LnzeznTv570
98,https://www.youtube.com/watch?v=5kH_6euivp8
99,https://www.youtube.com/watch?v=Ko7aVerOJcg
100,https://www.youtube.com/watch?v=0tWVcBZfTd8
101,https://www.youtube.com/watch?v=LhsM4uRMnog
102,https://www.youtube.com/watch?v=HAPnutGsfLs
103,https://www.youtube.com/watch?v=cPXt8Fhx6mg
104,https://www.youtube.com/watch?v=4TsQJyRIgIg
105,https://www.youtube.com/watch?v=8S1ZMeWAbpk
106,https://www.youtube.com/watch?v=OXKeyTQojes
107,https://www.youtube.com/watch?v=7SmAukV73EA
108,https://www.youtube.com/watch?v=iWcxh_RpClQ
109,https://www.youtube.com/watch?v=gKaQ_JNJftQ
110,https://www.youtube.com/watch?v=89F3t3lQl_c
111,https://www.youtube.com/watch?v=6SNWCB4TB0o
112,https://www.youtube.com/watch?v=YHB1mIQEca0
113,https://www.youtube.com/watch?v=Scjoo8uuf8w
114,https://www.youtube.com/watch?v=KaVPXM-b9Ks
115,https://www.youtube.com/watch?v=rzWtkd4D82w
116,https://www.youtube.com/watch?v=hnprNYfAQCA
117,https://www.youtube.com/watch?v=dio6cY7DlWc
118,https://www.youtube.com/watch?v=yo64TY2bVmM
119,https://www.youtube.com/watch?v=_VGyFKMPRzU
120,https://www.youtube.com/watch?v=DazCYTV5qf0
121,https://www.youtube.com/watch?v=ykj5PzvFA3c
122,https://www.youtube.com/watch?v=RdQgAKe-2wU
123,https://www.youtube.com/watch?v=_f83eS7OOTQ
124,https://www.youtube.com/watch?v=1_4ix-GF8cw
125,https://www.youtube.com/watch?v=AYZSR9VerB4
126,https://www.youtube.com/watch?v=7o6Gsmr9GwA
127,https://www.youtube.com/watch?v=wz92Fw8xosg
128,https://www.youtube.com/watch?v=ahREOJx8Z3o
129,https://www.youtube.com/watch?v=_jKoXB0hazM
130,https://www.youtube.com/watch?v=7zf6WBs3H7A
131,https://www.youtube.com/watch?v=NewURHu_BFs
132,https://www.youtube.com/watch?v=LpvgLEA74kg
133,https://www.youtube.com/watch?v=OntaLffL0v0
134,https://www.youtube.com/watch?v=R45GHOLBhRQ
135,https://www.youtube.com/watch?v=mER0e0ilAWg
136,https://www.youtube.com/watch?v=_iSw1L-IPPc
137,https://www.youtube.com/watch?v=-0U5oByIfD0
138,https://www.youtube.com/watch?v=zgS-ATq6LVI
139,https://www.youtube.com/watch?v=OVvzipxGWUc
140,https://www.youtube.com/watch?v=_NhB8cQKN0Q
141,https://www.youtube.com/watch?v=XEZr8RecV_E
142,https://www.youtube.com/watch?v=pgNl7HBMeWs
143,https://www.youtube.com/watch?v=G9ua9xJTiQU
144,https://www.youtube.com/watch?v=yW593mcUM6k
145,https://www.youtube.com/watch?v=PO5QKZ-o9A0
146,https://www.youtube.com/watch?v=x36M4Toorlg
147,https://www.youtube.com/watch?v=OMIyRypuG8Y
148,https://www.youtube.com/watch?v=ULKRtQ19A_o
149,https://www.youtube.com/watch?v=7YXkFqZOCpY
150,https://www.youtube.com/watch?v=GU6LnhSjsbk
151,https://www.youtube.com/watch?v=u1cMDhgZGCY
152,https://www.youtube.com/watch?v=_mB17bv3ubw
153,https://www.youtube.com/watch?v=aHqDbgNpMCg
154,https://www.youtube.com/watch?v=jccMMX-ByWY
155,https://www.youtube.com/watch?v=CM9XE7Un1ZU
156,https://www.youtube.com/watch?v=fZFa-yieMBs
157,https://www.youtube.com/watch?v=tNXcZEi7knU
158,https://www.youtube.com/watch?v=z1Y6ufmk6Eg
159,https://www.youtube.com/watch?v=vuLsZ6b_whI
160,https://www.youtube.com/watch?v=O5c1tjWG_Lo
161,https://www.youtube.com/watch?v=pTcTMwl4G_c
162,https://www.youtube.com/watch?v=XOTXleHTkT8
163,https://www.youtube.com/watch?v=42lWYxAQ_lQ
164,https://www.youtube.com/watch?v=aPulD-pfMN8
165,https://www.youtube.com/watch?v=y-dDOLsRdTs
166,https://www.youtube.com/watch?v=JlB21V1Cp28
167,https://www.youtube.com/watch?v=mYGL0oY0FxA
168,https://www.youtube.com/watch?v=tsyvHNFQYnY
169,https://www.youtube.com/watch?v=Y4Hk2WhlDh8
170,https://www.youtube.com/watch?v=nUpoKNr84PI
171,https://www.youtube.com/watch?v=gVjxTRpdUS4
172,https://www.youtube.com/watch?v=FGEMryvIJZA
173,https://www.youtube.com/watch?v=iXLuijKydzk
174,https://www.youtube.com/watch?v=T8pCYpAMY4o
175,https://www.youtube.com/watch?v=O8slmdJphfc
176,https://www.youtube.com/watch?v=-p629-rF8Cw
177,https://www.youtube.com/watch?v=F7dyvEowJ1I
178,https://www.youtube.com/watch?v=0NImWqHZ-SI
179,https://www.youtube.com/watch?v=sy1hvjshwVI
180,https://www.youtube.com/watch?v=hU5W1oa9EWg
181,https://www.youtube.com/watch?v=hpcU_JXCIak
182,https://www.youtube.com/watch?v=KBnL6GPE6NY
183,https://www.youtube.com/watch?v=lm7Ul6HDfdE
184,https://www.youtube.com/watch?v=KrwlGHOCjxQ
185,https://www.youtube.com/watch?v=WzsSOqYLFQg
186,https://www.youtube.com/watch?v=LHZRixDJBvQ
187,https://www.youtube.com/watch?v=jbFcxEA0T84
188,https://www.youtube.com/watch?v=Uvu3zw_XrEY
189,https://www.youtube.com/watch?v=8dRPzktsaU8
190,https://www.youtube.com/watch?v=ch1D45ShmPw
191,https://www.youtube.com/watch?v=vZWlpp5Glx4
192,https://www.youtube.com/watch?v=yzQfaX9EH9w
193,https://www.youtube.com/watch?v=fI8NZKojWGo
194,https://www.youtube.com/watch?v=4ygO9IonVKY
195,https://www.youtube.com/watch?v=iSI0GZc50pI
196,https://www.youtube.com/watch?v=M3RBYFLSW0Y
197,https://www.youtube.com/watch?v=VpBZfBpmGuY
198,https://www.youtube.com/watch?v=8BfeXvoPIzg
199,https://www.youtube.com/watch?v=64XCP66W8kQ
200,https://www.youtube.com/watch?v=Gx2YbcfpVkI
201,https://www.youtube.com/watch?v=O_baUve-kB8
202,https://www.youtube.com/watch?v=eQhOAHMankc
203,https://www.youtube.com/watch?v=zY38SV2BW7k
204,https://www.youtube.com/watch?v=5vYHrhjJ52w
205,https://www.youtube.com/watch?v=MJ92Yln1a9c
206,https://www.youtube.com/watch?v=TCdECRthcw4
207,https://www.youtube.com/watch?v=A1JdXKKKOwc
208,https://www.youtube.com/watch?v=_pGFmV8SdKE
209,https://www.youtube.com/watch?v=UOVOJGCRNCk
210,https://www.youtube.com/watch?v=jLkfNXZinxw
211,https://www.youtube.com/watch?v=hpyKVFK6T0A
212,https://www.youtube.com/watch?v=RpWvLa9f2yw
213,https://www.youtube.com/watch?v=8o4BbSvsqCo
214,https://www.youtube.com/watch?v=6Ejxa_6jgk0
215,https://www.youtube.com/watch?v=dmJPKe6ev40
216,https://www.youtube.com/watch?v=vqVkT524beI
217,https://www.youtube.com/watch?v=vYr9Q1uVD2E
218,https://www.youtube.com/watch?v=7nSx9dy47Ok
219,https://www.youtube.com/watch?v=8t-ZTaVnU-o
220,https://www.youtube.com/watch?v=6daLsbcgwCA
221,https://www.youtube.com/watch?v=B4lyIDOXH3A
222,https://www.youtube.com/watch?v=qlNsPx12YSM
223,https://www.youtube.com/watch?v=t3immpbWVQ8
224,https://www.youtube.com/watch?v=kOUgxU_POXU
225,https://www.youtube.com/watch?v=DR6nmHDj5pw
226,https://www.youtube.com/watch?v=yQKd9lYGgfY
227,https://www.youtube.com/watch?v=bTjSkCbXZyM
228,https://www.youtube.com/watch?v=7ervFYD7VKM
229,https://www.youtube.com/watch?v=8UY4jOFkv6A
230,https://www.youtube.com/watch?v=CLoZom5BtQc
231,https://www.youtube.com/watch?v=8IV32qRDyRw
232,https://www.youtube.com/watch?v=t3Gd4pWTibc
233,https://www.youtube.com/watch?v=mNP1EV8mcSc
234,https://www.youtube.com/watch?v=kalficSRd7Q
235,https://www.youtube.com/watch?v=y7cf81Rr1-4
236,https://www.youtube.com/watch?v=ZGIiUc261m8
237,https://www.youtube.com/watch?v=HPADvlWAO9o
238,https://www.youtube.com/watch?v=l5Jy1pR84Y0
239,https://www.youtube.com/watch?v=ihrDKl53HWY
240,https://www.youtube.com/watch?v=ijGuBrfL7ZI
241,https://www.youtube.com/watch?v=-Fpv-k0UNyw
242,https://www.youtube.com/watch?v=2n-uBeSqfz8
243,https://www.youtube.com/watch?v=E9VJOky6Rp8
244,https://www.youtube.com/watch?v=XwmxCZqvU6U
245,https://www.youtube.com/watch?v=cOVMwNdrnuM
246,https://www.youtube.com/watch?v=1EjWr0W_XlM
247,https://www.youtube.com/watch?v=ollMI1HNxPQ
248,https://www.youtube.com/watch?v=102OSTSL1eg
249,https://www.youtube.com/watch?v=Ntn3p7iRN6c
250,https://www.youtube.com/watch?v=54JJsJ4qFuI
251,https://www.youtube.com/watch?v=qKQMVx2kh_o
252,https://www.youtube.com/watch?v=yg-_v_0Hf18
253,https://www.youtube.com/watch?v=QG-POdb42fc
254,https://www.youtube.com/watch?v=ApZRSK1q2hc
255,https://www.youtube.com/watch?v=8BpP_Y0SpfQ
256,https://www.youtube.com/watch?v=TZQHNIxtCxs
257,https://www.youtube.com/watch?v=dnoJy6RMBek
258,https://www.youtube.com/watch?v=Vug41JGdlh8
259,https://www.youtube.com/watch?v=4DXOYnvObEg
260,https://www.youtube.com/watch?v=2dcFkPRIQ08
261,https://www.youtube.com/watch?v=pabRyv2nUOI
262,https://www.youtube.com/watch?v=ByCMhI2yi2M
263,https://www.youtube.com/watch?v=J705mkR-8-Q
264,https://www.youtube.com/watch?v=cfSsYCneNew
265,https://www.youtube.com/watch?v=uLdEXLwrDjY
266,https://www.youtube.com/watch?v=poCtr64sEpg
267,https://www.youtube.com/watch?v=SiCktvE52Yw
268,https://www.youtube.com/watch?v=8_0zIR1Y-5M
269,https://www.youtube.com/watch?v=I2v2kE5k35U
270,https://www.youtube.com/watch?v=Xfqy75u3cyA
271,https://www.youtube.com/watch?v=SMJ3KH7rtLM
272,https://www.youtube.com/watch?v=hRzCnV8wUnA
273,https://www.youtube.com/watch?v=oSelpsQR-f0
274,https://www.youtube.com/watch?v=trm750hVBmw
275,https://www.youtube.com/watch?v=WVcPdkpRy4U
276,https://www.youtube.com/watch?v=Q6PrtYa7sXY
277,https://www.youtube.com/watch?v=9yHIMPGJL6Q
278,https://www.youtube.com/watch?v=DngGixFj2gI
279,https://www.youtube.com/watch?v=LvHOkDrWUXw
280,https://www.youtube.com/watch?v=NOMqafVrbFU
281,https://www.youtube.com/watch?v=_Dmhl21qIFw
282,https://www.youtube.com/watch?v=S4_zPy12Thw
283,https://www.youtube.com/watch?v=4nw-8gufGGA
284,https://www.youtube.com/watch?v=Ulvaue5tvpo
285,https://www.youtube.com/watch?v=YXnmxJb1OGc
286,https://www.youtube.com/watch?v=lI3Tzyp6Wx4
287,https://www.youtube.com/watch?v=Ck1ecKx9nqY
288,https://www.youtube.com/watch?v=M4vN8TbtcJk
289,https://www.youtube.com/watch?v=xKVt_8GDmuQ
290,https://www.youtube.com/watch?v=_2JU3JBQk9A
291,https://www.youtube.com/watch?v=r58j6fhx4HU
292,https://www.youtube.com/watch?v=PgrpITvJqII
293,https://www.youtube.com/watch?v=wPtar19YcMI
294,https://www.youtube.com/watch?v=4cK6pt0-cDw
295,https://www.youtube.com/watch?v=nLWk7bHzpbk
296,https://www.youtube.com/watch?v=lYoZGvZ0Rlg
297,https://www.youtube.com/watch?v=Y4uKlbnSkFw
298,https://www.youtube.com/watch?v=oE_a7_14CKU
299,https://www.youtube.com/watch?v=omV6Y-mlNqE
300,https://www.youtube.com/watch?v=iNSC7aFr-kE
301,https://www.youtube.com/watch?v=fa68y4ef7go
302,https://www.youtube.com/watch?v=q08seG3Ynjo
303,https://www.youtube.com/watch?v=1Pa83KQkhxk
304,https://www.youtube.com/watch?v=DvSRGr5r6hM
305,https://www.youtube.com/watch?v=7Dfsp1blzcE
306,https://www.youtube.com/watch?v=6IxLEkZpnMQ
307,https://www.youtube.com/watch?v=NxYq72ivn80
308,https://www.youtube.com/watch?v=svNRVZmImh4
309,https://www.youtube.com/watch?v=QmJhbggFRT4
310,https://www.youtube.com/watch?v=xDVURm-3SHo
311,https://www.youtube.com/watch?v=BznBH6Llpkw
312,https://www.youtube.com/watch?v=fE6shCFJepo
313,https://www.youtube.com/watch?v=gPxGmJGJu5A
314,https://www.youtube.com/watch?v=lAtRW-scA6Y
315,https://www.youtube.com/watch?v=daaLheyLCCg
316,https://www.youtube.com/watch?v=iB-j-ByGH18
317,https://www.youtube.com/watch?v=8V0eDRPpfnY
318,https://www.youtube.com/watch?v=ZBf-UZ2pVPg
319,https://www.youtube.com/watch?v=P77_ysxzLr4
320,https://www.youtube.com/watch?v=xokN4DOgNk4
321,https://www.youtube.com/watch?v=jCmN1L2XjTM
322,https://www.youtube.com/watch?v=SQEYaGVTHHc
323,https://www.youtube.com/watch?v=gE_DiPVl09g
324,https://www.youtube.com/watch?v=xufXWzYT990
325,https://www.youtube.com/watch?v=VviV9WxpSjI
326,https://www.youtube.com/watch?v=JvVUlYANtZA
327,https://www.youtube.com/watch?v=eVp1Nrr-dIY
328,https://www.youtube.com/watch?v=SiCUm1d3N-U
329,https://www.youtube.com/watch?v=q149_Imilug
330,https://www.youtube.com/watch?v=kNI0SGEw9bg
331,https://www.youtube.com/watch?v=5GizaTiz37o
332,https://www.youtube.com/watch?v=VCHthuDuYRI
333,https://www.youtube.com/watch?v=ctL47kMUvZU
334,https://www.youtube.com/watch?v=MHwsAjAAC-s
335,https://www.youtube.com/watch?v=AILtBF8ljF4
336,https://www.youtube.com/watch?v=8jbgOHc8JZY
337,https://www.youtube.com/watch?v=-9IsSz9xv1I
338,https://www.youtube.com/watch?v=3VD2hm5QtRE
339,https://www.youtube.com/watch?v=oN0NLlCkoBo
340,https://www.youtube.com/watch?v=PLMkKVoyzL0
341,https://www.youtube.com/watch?v=imfnAp17xkc
342,https://www.youtube.com/watch?v=2Wb6ESC6100
343,https://www.youtube.com/watch?v=gdEpQ4jElg8
344,https://www.youtube.com/watch?v=iQWP6-27Jvw
345,https://www.youtube.com/watch?v=Vlb4S7AXs-o
346,https://www.youtube.com/watch?v=lqv4kw-DgEQ
347,https://www.youtube.com/watch?v=HNuPm8psuSI
348,https://www.youtube.com/watch?v=ljq_NH0F5s8
349,https://www.youtube.com/watch?v=hjAlwmkqCFQ
350,https://www.youtube.com/watch?v=atNOr3hFqgE
351,https://www.youtube.com/watch?v=H6lzULuHNzE
352,https://www.youtube.com/watch?v=YEq-kF1gP5Y
353,https://www.youtube.com/watch?v=ZMdMTUjOmrc
354,https://www.youtube.com/watch?v=hZboIcCfB8o
355,https://www.youtube.com/watch?v=KtATMd82e9c
356,https://www.youtube.com/watch?v=q3GIP4R4SCE
357,https://www.youtube.com/watch?v=mA4lGQTgR8w
358,https://www.youtube.com/watch?v=SoNxs1Ev0Fw
359,https://www.youtube.com/watch?v=qXCZCHSPlqw
360,https://www.youtube.com/watch?v=ojXF9oqXrBE
361,https://www.youtube.com/watch?v=BT1NOmlJFm0
362,https://www.youtube.com/watch?v=qu3M4ENkLfk
363,https://www.youtube.com/watch?v=Lly043stl4E
364,https://www.youtube.com/watch?v=NmzbgHpVjUY
365,https://www.youtube.com/watch?v=_lmoFel6S4E
366,https://www.youtube.com/watch?v=WL8lSHbP6LE
367,https://www.youtube.com/watch?v=S9F1b_1X4UQ
368,https://www.youtube.com/watch?v=KDDtfh6cA1Y
369,https://www.youtube.com/watch?v=4PLEvwImm68
370,https://www.youtube.com/watch?v=lJUqSf4AHHU
371,https://www.youtube.com/watch?v=q3HPHZZtKC0
372,https://www.youtube.com/watch?v=pzN1Ex64VR8
373,https://www.youtube.com/watch?v=nAnZ-SOfs24
374,https://www.youtube.com/watch?v=RfI2INQhKgA
375,https://www.youtube.com/watch?v=wRrMaUKxxi8
376,https://www.youtube.com/watch?v=y1ExZzkC1PE
377,https://www.youtube.com/watch?v=bxLSsjU3rYQ
378,https://www.youtube.com/watch?v=Q3LjAUiPFh8
379,https://www.youtube.com/watch?v=jYupVZNC5J4
380,https://www.youtube.com/watch?v=lpi4BeXDeGM
381,https://www.youtube.com/watch?v=vkKNWvGzqwY
382,https://www.youtube.com/watch?v=M-E02aj1wzw
383,https://www.youtube.com/watch?v=hhs6-iN2RbY
384,https://www.youtube.com/watch?v=PDc9B9Ffz0A
385,https://www.youtube.com/watch?v=hmej1kCcugY
386,https://www.youtube.com/watch?v=sCcUN6jVjpQ
387,https://www.youtube.com/watch?v=XTbYJ7_fdMI
388,https://www.youtube.com/watch?v=O6aFTpgygYI
389,https://www.youtube.com/watch?v=_sppsBKX6s8
390,https://www.youtube.com/watch?v=mxHhdmq3-mc
391,https://www.youtube.com/watch?v=MqRYhNw1r90
392,https://www.youtube.com/watch?v=3y0f5NPfdq0
393,https://www.youtube.com/watch?v=KZbJXOiY_OA
394,https://www.youtube.com/watch?v=_gMdRnK3vaU
395,https://www.youtube.com/watch?v=FaYeJc1i4gg
396,https://www.youtube.com/watch?v=TIIaRN9o37Y
397,https://www.youtube.com/watch?v=BDhr4mB83mw
398,https://www.youtube.com/watch?v=4tZIcSFleyo
399,https://www.youtube.com/watch?v=qFMFSVziDbk
400,https://www.youtube.com/watch?v=aUzfeX3jPq4
401,https://www.youtube.com/watch?v=RsiSvoFBviU
402,https://www.youtube.com/watch?v=187YCkhUUDM
403,https://www.youtube.com/watch?v=3-yGZHdka2o
404,https://www.youtube.com/watch?v=MKt2cLkNP2U
405,https://www.youtube.com/watch?v=W56AhT_RUbE
406,https://www.youtube.com/watch?v=jJmyfnVr26c
407,https://www.youtube.com/watch?v=7u5dsEUn7fQ
408,https://www.youtube.com/watch?v=cXgXVhD5hWo
409,https://www.youtube.com/watch?v=B_2J_MUbJ6s
410,https://www.youtube.com/watch?v=7XSukC9NCIQ
411,https://www.youtube.com/watch?v=x_AIZ1WP93k
412,https://www.youtube.com/watch?v=1T-f6eKx9B0
413,https://www.youtube.com/watch?v=QamMXDi01-U
414,https://www.youtube.com/watch?v=9CAhmTwIxmk
415,https://www.youtube.com/watch?v=1hQbRIhFwUw
416,https://www.youtube.com/watch?v=0jZpiKnR_OA
417,https://www.youtube.com/watch?v=KLtLMNswbW8
418,https://www.youtube.com/watch?v=kT0u3IoekYc
419,https://www.youtube.com/watch?v=Iysp7u6bvZo
420,https://www.youtube.com/watch?v=ieBZMfItuBQ
421,https://www.youtube.com/watch?v=dydtusgdGhE
422,https://www.youtube.com/watch?v=Dwy-XV5o7Zk
423,https://www.youtube.com/watch?v=DcoKL48QAjA
424,https://www.youtube.com/watch?v=2b0lMuntUN0
425,https://www.youtube.com/watch?v=66Dt3eWpoTc
426,https://www.youtube.com/watch?v=vmgbi9VMF3k
427,https://www.youtube.com/watch?v=mk8RrYW_4v4
428,https://www.youtube.com/watch?v=mlx02tBONVE
429,https://www.youtube.com/watch?v=_EFCetX-1xo
430,https://www.youtube.com/watch?v=JZCqOseSe0E
431,https://www.youtube.com/watch?v=FrDtHhfL_qg
432,https://www.youtube.com/watch?v=BeZPJvD6i9o
433,https://www.youtube.com/watch?v=EF1FtKWaK48
434,https://www.youtube.com/watch?v=auBgmzLH9gM
435,https://www.youtube.com/watch?v=8VNuTnLEAqE
436,https://www.youtube.com/watch?v=GdxwW1bDZdw
437,https://www.youtube.com/watch?v=TXfJletm9gA
438,https://www.youtube.com/watch?v=CYnXd-L8KI8
439,https://www.youtube.com/watch?v=fQWIHcdahg4
440,https://www.youtube.com/watch?v=-P3Gjjr7_wo
441,https://www.youtube.com/watch?v=rO9RTayH174
442,https://www.youtube.com/watch?v=glKruBVcPUg
443,https://www.youtube.com/watch?v=Fg9Kh7t55T0
444,https://www.youtube.com/watch?v=WZc-lTU4f44
445,https://www.youtube.com/watch?v=9WN3rMxvJc8
446,https://www.youtube.com/watch?v=gqbNiQNROxs
447,https://www.youtube.com/watch?v=TiFC2k88Ejo
448,https://www.youtube.com/watch?v=9V-tJbtwxXY
449,https://www.youtube.com/watch?v=98K73hubRkM
450,https://www.youtube.com/watch?v=nJLpydpFvhg
451,https://www.youtube.com/watch?v=RFE9IszaM6Y
452,https://www.youtube.com/watch?v=whPvnQJFrlQ
453,https://www.youtube.com/watch?v=o6INhEpTdFA
454,https://www.youtube.com/watch?v=ESPL04vXESo
455,https://www.youtube.com/watch?v=fb9MPK-sMyY
456,https://www.youtube.com/watch?v=hFAAYVp9J1o
457,https://www.youtube.com/watch?v=E0KpQgxSPW4
458,https://www.youtube.com/watch?v=Upc9sR53YNc
459,https://www.youtube.com/watch?v=jWFYeX7JkKk
460,https://www.youtube.com/watch?v=GVy7jdrO6pQ
461,https://www.youtube.com/watch?v=FWElEE3kpTI
462,https://www.youtube.com/watch?v=8n7GXN4JIpo
463,https://www.youtube.com/watch?v=Ly7TqyxoU5w
464,https://www.youtube.com/watch?v=86jJU2Nb5HY
465,https://www.youtube.com/watch?v=QzU2k2w09TE
466,https://www.youtube.com/watch?v=jytjnajbby0
467,https://www.youtube.com/watch?v=j8ET-qXTlIQ
468,https://www.youtube.com/watch?v=-YxBrVbLcdY
469,https://www.youtube.com/watch?v=zFJ4eDoti-U
470,https://www.youtube.com/watch?v=eWT91EqRvxc
471,https://www.youtube.com/watch?v=xzG-jeHvcNY
472,https://www.youtube.com/watch?v=-85Sp258WWY
473,https://www.youtube.com/watch?v=WRNm1jl_jbw
474,https://www.youtube.com/watch?v=uEYEIXZHivY
475,https://www.youtube.com/watch?v=bw2_5PNY6r0
476,https://www.youtube.com/watch?v=BYniptI5qTY
477,https://www.youtube.com/watch?v=sxOdS7NEj30
478,https://www.youtube.com/watch?v=4SDZtD4EVXI
479,https://www.youtube.com/watch?v=xU6vsimEsoM
480,https://www.youtube.com/watch?v=1Eq9GZIHNyQ
481,https://www.youtube.com/watch?v=5sOmCp2afNY
482,https://www.youtube.com/watch?v=HdJrBdbuxCg
483,https://www.youtube.com/watch?v=qCqpXVo-PlM
484,https://www.youtube.com/watch?v=kCeN5ifF2t8
485,https://www.youtube.com/watch?v=CGB8ZP0Xc2E
486,https://www.youtube.com/watch?v=bdr3z-Icd00
487,https://www.youtube.com/watch?v=AlZzcg3RD0Y
488,https://www.youtube.com/watch?v=Tyw4c0hgUXQ
489,https://www.youtube.com/watch?v=t9pbN9dcgUs
490,https://www.youtube.com/watch?v=U5jcY_9J9yc
491,https://www.youtube.com/watch?v=rnvlE3xTqOY
492,https://www.youtube.com/watch?v=hQ5B04DF4YU
493,https://www.youtube.com/watch?v=FFeNpk6IIOI
494,https://www.youtube.com/watch?v=TqfxBlENlyE
495,https://www.youtube.com/watch?v=_Q9wy-fn4NA
496,https://www.youtube.com/watch?v=h2O3PT0u9H4
497,https://www.youtube.com/watch?v=OoRPWCq1sO0
498,https://www.youtube.com/watch?v=IMAL97AER38
499,https://www.youtube.com/watch?v=ZagXkpH3acg
500,https://www.youtube.com/watch?v=bvr2gjx6CH8
501,https://www.youtube.com/watch?v=3HQ1YqUgxAI
502,https://www.youtube.com/watch?v=ELNEuojJHgM
503,https://www.youtube.com/watch?v=irDJg5ZkZe8
504,https://www.youtube.com/watch?v=xcd0vtGMlcE
505,https://www.youtube.com/watch?v=wzotXhEUTW4
506,https://www.youtube.com/watch?v=R7fOpu5t38w
507,https://www.youtube.com/watch?v=WthrBBtI4wU
508,https://www.youtube.com/watch?v=Ynr3x0Sk2h0
509,https://www.youtube.com/watch?v=JlV8ujtx-ew
510,https://www.youtube.com/watch?v=lTzFFiBQy_I
511,https://www.youtube.com/watch?v=ARw7KqTWuHI
512,https://www.youtube.com/watch?v=AkNSdx-_hEY
513,https://www.youtube.com/watch?v=RRVaEh8zAN4
514,https://www.youtube.com/watch?v=gVyMqz0QPSY
515,https://www.youtube.com/watch?v=Y68GlfXnf5o
516,https://www.youtube.com/watch?v=Gz-a-c1dt9I
517,https://www.youtube.com/watch?v=BXSTLcRYcJI
518,https://www.youtube.com/watch?v=Wp9eEY85C7o
519,https://www.youtube.com/watch?v=fS2B9VuWKB0
520,https://www.youtube.com/watch?v=e2SWKkgZyok
521,https://www.youtube.com/watch?v=HTJm1XTxilY
522,https://www.youtube.com/watch?v=nvUY0DViu8A
523,https://www.youtube.com/watch?v=-F79-nezKtk
524,https://www.youtube.com/watch?v=-ujzNLnkjVU
525,https://www.youtube.com/watch?v=Pz-mL_5JRZ8
526,https://www.youtube.com/watch?v=anqu3ul9WiI
527,https://www.youtube.com/watch?v=AyJbvaG21uA
528,https://www.youtube.com/watch?v=xwt-uHiFpuA
529,https://www.youtube.com/watch?v=7ikr-PYE2aQ
530,https://www.youtube.com/watch?v=mmvnFJGPL88
531,https://www.youtube.com/watch?v=IBdCAqzsOo0
532,https://www.youtube.com/watch?v=XvmIAxKQcBM
533,https://www.youtube.com/watch?v=ARG38m1PtdY
534,https://www.youtube.com/watch?v=hjRdg5hFIjw
535,https://www.youtube.com/watch?v=OeAXlwPiYeo
536,https://www.youtube.com/watch?v=VGHiGfp8_E0
537,https://www.youtube.com/watch?v=piEYkkHLPKI
538,https://www.youtube.com/watch?v=-pXzLzYTmGM
539,https://www.youtube.com/watch?v=BEVuzH5Suas
540,https://www.youtube.com/watch?v=6Y-VUPSyUhA
541,https://www.youtube.com/watch?v=4J_FV_747to
542,https://www.youtube.com/watch?v=SvIBEs_YetQ
543,https://www.youtube.com/watch?v=mkuZN-2eEbE
544,https://www.youtube.com/watch?v=I6mtyZtpCHM
545,https://www.youtube.com/watch?v=BgFCLD_xJ08
546,https://www.youtube.com/watch?v=lqTimfKVCxQ
547,https://www.youtube.com/watch?v=OnF18mA_Mvs
548,https://www.youtube.com/watch?v=LpsYlYM-o0Y
549,https://www.youtube.com/watch?v=fkDT4RJGYfY
550,https://www.youtube.com/watch?v=fXPqVeuom_M
551,https://www.youtube.com/watch?v=fbBPEVwwnkM
552,https://www.youtube.com/watch?v=PGooyIzuiGc
553,https://www.youtube.com/watch?v=Er0cMMbPOrY
554,https://www.youtube.com/watch?v=CbZLcwuQJdA
555,https://www.youtube.com/watch?v=Otj-0xdM62Q
556,https://www.youtube.com/watch?v=hw3EKKOgLho
557,https://www.youtube.com/watch?v=Gv4apJOqgdw
558,https://www.youtube.com/watch?v=5Gdl11kiI-g
559,https://www.youtube.com/watch?v=dKIKwYmnfpU
560,https://www.youtube.com/watch?v=ueiyEIpdwZ4
561,https://www.youtube.com/watch?v=UXQ5rz4M_mI
562,https://www.youtube.com/watch?v=za_3c5gGyLA
563,https://www.youtube.com/watch?v=WzSVR393lng
564,https://www.youtube.com/watch?v=Gjj_kMtZkCo
565,https://www.youtube.com/watch?v=0XijIWm8XLs
566,https://www.youtube.com/watch?v=aZ3397yMGQk
567,https://www.youtube.com/watch?v=jD2InfX_96I
568,https://www.youtube.com/watch?v=hHZaIi3oHcM
569,https://www.youtube.com/watch?v=dJvIW8fHO_8
570,https://www.youtube.com/watch?v=F_cBOZl0KfU
571,https://www.youtube.com/watch?v=PjVCenWEfv4
572,https://www.youtube.com/watch?v=E92KA-3eQMk
573,https://www.youtube.com/watch?v=i03KGyeaYrY
574,https://www.youtube.com/watch?v=_ZCQE4kntJs
575,https://www.youtube.com/watch?v=QGAse09hMGw
576,https://www.youtube.com/watch?v=OvxI5LYYaCw
577,https://www.youtube.com/watch?v=XbCBbJncfGE
578,https://www.youtube.com/watch?v=-IxLOzhWWKY
579,https://www.youtube.com/watch?v=2SumjEtsmCE
580,https://www.youtube.com/watch?v=lQZOPz4uR-I
581,https://www.youtube.com/watch?v=yVavifrs_vk
582,https://www.youtube.com/watch?v=kL8GeesmmXU
583,https://www.youtube.com/watch?v=IpkyRVMHQYU
584,https://www.youtube.com/watch?v=2xZfnO2H4P4
585,https://www.youtube.com/watch?v=6lGJ8NyPSt4
586,https://www.youtube.com/watch?v=66Hm7Den4Qs
587,https://www.youtube.com/watch?v=mD2F2H98QFQ
588,https://www.youtube.com/watch?v=40icd1EFw3s
589,https://www.youtube.com/watch?v=5z8VN4zbrsU
590,https://www.youtube.com/watch?v=EgWpccVWxpI
591,https://www.youtube.com/watch?v=IeE-xvjsEVI
592,https://www.youtube.com/watch?v=t1Jg3WC-tU0
593,https://www.youtube.com/watch?v=K9Fa4UW704g
594,https://www.youtube.com/watch?v=8kiz9pFzS_A
595,https://www.youtube.com/watch?v=zETZKqgSQYs
596,https://www.youtube.com/watch?v=lniQ-t6L9-U
597,https://www.youtube.com/watch?v=iCZGyRgII2U
598,https://www.youtube.com/watch?v=DovngizP0ao
599,https://www.youtube.com/watch?v=YHlCOUyZt1A
600,https://www.youtube.com/watch?v=3O28_aHuUWA
601,https://www.youtube.com/watch?v=ZAWSdDyXswc
602,https://www.youtube.com/watch?v=s3YkssR2HwM
603,https://www.youtube.com/watch?v=yEzKd88UaZQ
604,https://www.youtube.com/watch?v=cYxgfhwJ260
605,https://www.youtube.com/watch?v=N9UkD8_cthI
606,https://www.youtube.com/watch?v=AnHgq9vVOC0
607,https://www.youtube.com/watch?v=lJHR9RH4Qfk
608,https://www.youtube.com/watch?v=PdIGeM3hWWg
609,https://www.youtube.com/watch?v=TONMyCaagiY
610,https://www.youtube.com/watch?v=7X96B1ahJY8
611,https://www.youtube.com/watch?v=-qG8NJatebE
612,https://www.youtube.com/watch?v=MVLzOuoTCUg
613,https://www.youtube.com/watch?v=aeMhFD4No3M
614,https://www.youtube.com/watch?v=gZsLFmTQZdQ
615,https://www.youtube.com/watch?v=ZoDMZB4lrdk
616,https://www.youtube.com/watch?v=dxr5TkY5I_k
617,https://www.youtube.com/watch?v=yKysjTxtGnw
618,https://www.youtube.com/watch?v=RVqmzuHyCA4
619,https://www.youtube.com/watch?v=PzPAUsLdTBk
620,https://www.youtube.com/watch?v=spDmaU_FpfM
621,https://www.youtube.com/watch?v=pBG1-1_rGBE
622,https://www.youtube.com/watch?v=JRv_HJfGXPg
623,https://www.youtube.com/watch?v=SvVqfDqFOT8
624,https://www.youtube.com/watch?v=YIUHndbwnZE
625,https://www.youtube.com/watch?v=d9PWG1xro68
626,https://www.youtube.com/watch?v=C-3OExIVuGQ
627,https://www.youtube.com/watch?v=JZ8rc02PG5o
628,https://www.youtube.com/watch?v=MxO4q2BLAvM
629,https://www.youtube.com/watch?v=UuzZYVRcemY
630,https://www.youtube.com/watch?v=e154t-hfyRw
631,https://www.youtube.com/watch?v=oG9J_XPkMsA
632,https://www.youtube.com/watch?v=UjIPFuuBtek
633,https://www.youtube.com/watch?v=ygF1RcvJatY
634,https://www.youtube.com/watch?v=h0z3zEL7Ztc
635,https://www.youtube.com/watch?v=A-pAakRqg4A
636,https://www.youtube.com/watch?v=-sf-M7ZJx-4
637,https://www.youtube.com/watch?v=ERubPPOaEp0
638,https://www.youtube.com/watch?v=CkJR2G1cJLs
639,https://www.youtube.com/watch?v=hccEUqoviH8
640,https://www.youtube.com/watch?v=ZZXa0W6D4Dc
641,https://www.youtube.com/watch?v=ADQ6656Uew8
642,https://www.youtube.com/watch?v=7QQJsmnSARg
643,https://www.youtube.com/watch?v=2-IiaYJJzBY
644,https://www.youtube.com/watch?v=NoCCnSoAoLM
645,https://www.youtube.com/watch?v=xtbCaoxEk0U
646,https://www.youtube.com/watch?v=Cfqs0eHhrX4
647,https://www.youtube.com/watch?v=f-rMwLyJKl8
648,https://www.youtube.com/watch?v=X1PjySgn1DA
649,https://www.youtube.com/watch?v=QgKuDSzb9YQ
650,https://www.youtube.com/watch?v=bepV9I7p0k0
651,https://www.youtube.com/watch?v=BefGFt-SxYM
652,https://www.youtube.com/watch?v=3sgbHwi_UvA
653,https://www.youtube.com/watch?v=mnonfKTFDXU
654,https://www.youtube.com/watch?v=Haj7B6Yd6Ms
655,https://www.youtube.com/watch?v=kyYFsXp4kcQ
656,https://www.youtube.com/watch?v=vSIVDEV1v78
657,https://www.youtube.com/watch?v=eu1-IN_wlOc
658,https://www.youtube.com/watch?v=egE8ACfIDCo
659,https://www.youtube.com/watch?v=U3q2ybLJnUA
660,https://www.youtube.com/watch?v=PiUJXapv-w0
661,https://www.youtube.com/watch?v=hFzWmXTeH70
662,https://www.youtube.com/watch?v=76oHmX8yvjY
663,https://www.youtube.com/watch?v=B-Ngv7bfqoI
664,https://www.youtube.com/watch?v=77H2eNcFey0
665,https://www.youtube.com/watch?v=Ui6m8GjNbD0
666,https://www.youtube.com/watch?v=2JYSVsXV3Ac
667,https://www.youtube.com/watch?v=9kru2q_2yNw
668,https://www.youtube.com/watch?v=N7wclCD_MGM
669,https://www.youtube.com/watch?v=_akET2yQ3vQ
670,https://www.youtube.com/watch?v=Msqkh97bQ1Y
671,https://www.youtube.com/watch?v=58Kv2797ff4
672,https://www.youtube.com/watch?v=i4EfDf8YEQY
673,https://www.youtube.com/watch?v=vxb32rImYxY
674,https://www.youtube.com/watch?v=xvRxrSFsBMQ
675,https://www.youtube.com/watch?v=bzPvWPoeGRg
676,https://www.youtube.com/watch?v=8zeTbu2BW2c
677,https://www.youtube.com/watch?v=RkEIKRSl1V8
678,https://www.youtube.com/watch?v=SFllRzQiiOo
679,https://www.youtube.com/watch?v=9D7nujbOxXA
680,https://www.youtube.com/watch?v=35EtpSClWPw
681,https://www.youtube.com/watch?v=6vOzZ8esTSs
682,https://www.youtube.com/watch?v=2AtOnEYSyt0
683,https://www.youtube.com/watch?v=f69AfMOLy7s
684,https://www.youtube.com/watch?v=n8nCGAg3AuU
685,https://www.youtube.com/watch?v=tpsXgteJWWU
686,https://www.youtube.com/watch?v=-QIximwdKYI
687,https://www.youtube.com/watch?v=ZBy2Ub-yrm8
688,https://www.youtube.com/watch?v=3eX52D-7G80
689,https://www.youtube.com/watch?v=8i1_zA336Pc
690,https://www.youtube.com/watch?v=fx9OcvLDpDc
691,https://www.youtube.com/watch?v=_E_6EcA6Kr4
692,https://www.youtube.com/watch?v=PaPXaSEzv9c
693,https://www.youtube.com/watch?v=NDn_gZL2LTs
694,https://www.youtube.com/watch?v=KYHt5Dxza5Y
695,https://www.youtube.com/watch?v=jJB4roc5n2E
696,https://www.youtube.com/watch?v=-K9yueGZ5pI
697,https://www.youtube.com/watch?v=SZm0KLuRpKI
698,https://www.youtube.com/watch?v=R25eqcQH5EQ
699,https://www.youtube.com/watch?v=1hs9Sd_rg0M
700,https://www.youtube.com/watch?v=9_nLPBKeY3g
701,https://www.youtube.com/watch?v=2CI9D3LvGWM
702,https://www.youtube.com/watch?v=PDd8LG1xze8
703,https://www.youtube.com/watch?v=0Pdww8KC-GY
704,https://www.youtube.com/watch?v=DnC5-gM81qc
705,https://www.youtube.com/watch?v=OlTal25a_Ng
706,https://www.youtube.com/watch?v=GIv3PN9vcR8
707,https://www.youtube.com/watch?v=18DZxFMlNqE
708,https://www.youtube.com/watch?v=ECATEmZ_1xQ
709,https://www.youtube.com/watch?v=EQxm1iYE-Jw
710,https://www.youtube.com/watch?v=rUi_chxd_qE
711,https://www.youtube.com/watch?v=VimYgbSw28g
712,https://www.youtube.com/watch?v=Xj09KAKKAts
713,https://www.youtube.com/watch?v=1tiAvZf_zLc
714,https://www.youtube.com/watch?v=w7p8ZhgiFkE
715,https://www.youtube.com/watch?v=IHL0rxbPWJo
716,https://www.youtube.com/watch?v=9KJSgjCNjg0
717,https://www.youtube.com/watch?v=GLBzqqpcRF4
718,https://www.youtube.com/watch?v=XCYuoQX3I3E
719,https://www.youtube.com/watch?v=RI_6YmmJQ2U
720,https://www.youtube.com/watch?v=F_zBDFDF0wQ
721,https://www.youtube.com/watch?v=P2pLDPj-DWk
722,https://www.youtube.com/watch?v=bSxWxqfhIYE
723,https://www.youtube.com/watch?v=iEMPrqdGPMU
724,https://www.youtube.com/watch?v=7zwmBo7StWM
725,https://www.youtube.com/watch?v=0L48XTsPa78
726,https://www.youtube.com/watch?v=NdJEdh3xC2Y
727,https://www.youtube.com/watch?v=if1SZqqJFhI
728,https://www.youtube.com/watch?v=xG2ecZqAC-c
729,https://www.youtube.com/watch?v=EpBUwJjT25o
730,https://www.youtube.com/watch?v=-zjwlf1sPtQ
731,https://www.youtube.com/watch?v=xLMFyXXUfTs
732,https://www.youtube.com/watch?v=gKp1aM42VvI
733,https://www.youtube.com/watch?v=XqUTy_R9244
734,https://www.youtube.com/watch?v=_nGZGo4gHGo
735,https://www.youtube.com/watch?v=GWYeVGMQQ9A
736,https://www.youtube.com/watch?v=u_TyNPFx0Z0
737,https://www.youtube.com/watch?v=3IYX3JlShFE
738,https://www.youtube.com/watch?v=0WmbCIYzl3M
739,https://www.youtube.com/watch?v=1b-5HgdXFIc
740,https://www.youtube.com/watch?v=my3pYtSCzUQ
741,https://www.youtube.com/watch?v=lEWUaD8n_8Q
742,https://www.youtube.com/watch?v=USApDioO5h0
743,https://www.youtube.com/watch?v=3lV7AUXzXeI
744,https://www.youtube.com/watch?v=iaPxJMoH5n0
745,https://www.youtube.com/watch?v=cX9RPmCgLLg
746,https://www.youtube.com/watch?v=Q9bwDMbno3w
747,https://www.youtube.com/watch?v=VNq80BPrpuU
748,https://www.youtube.com/watch?v=7AzrIloAcIM
749,https://www.youtube.com/watch?v=yptqOhXL07c
750,https://www.youtube.com/watch?v=oFoyV7a8ejk
751,https://www.youtube.com/watch?v=QTZ0K2cu7Fw
752,https://www.youtube.com/watch?v=xTvulILZDFg
753,https://www.youtube.com/watch?v=wbuPlbOBJJ4
754,https://www.youtube.com/watch?v=8oaDqz1PpnE
755,https://www.youtube.com/watch?v=Qm8T1lUX188
756,https://www.youtube.com/watch?v=jEo_WwXYXQo
757,https://www.youtube.com/watch?v=4H1RJp5lPcU
758,https://www.youtube.com/watch?v=oE0yOQ0Aqxs
759,https://www.youtube.com/watch?v=8FYsppTRnWQ
760,https://www.youtube.com/watch?v=wqHutdLBSCE
761,https://www.youtube.com/watch?v=VMFi7h7lnQA
762,https://www.youtube.com/watch?v=-rDuHhnrhT0
763,https://www.youtube.com/watch?v=0X2ZRsOqBms
764,https://www.youtube.com/watch?v=YnR6YiEcUoM
765,https://www.youtube.com/watch?v=Stf9w6zKxA4
766,https://www.youtube.com/watch?v=85mR5D9FdDk
767,https://www.youtube.com/watch?v=omkLiGrJ7lc
768,https://www.youtube.com/watch?v=43fUJXk1IG4
769,https://www.youtube.com/watch?v=18IOlI_LB3Q
770,https://www.youtube.com/watch?v=wA0WFwCX118
771,https://www.youtube.com/watch?v=H2J2mqKnE3A
772,https://www.youtube.com/watch?v=IviTZ45FrJY
773,https://www.youtube.com/watch?v=93Lhxg5R-Wk
774,https://www.youtube.com/watch?v=mgSd_W__NTo
775,https://www.youtube.com/watch?v=GfNO1RUYJt4
776,https://www.youtube.com/watch?v=-s7S8I9oKWI
777,https://www.youtube.com/watch?v=oxvYOjvnAa0
778,https://www.youtube.com/watch?v=HQtjXa7ZnjE
779,https://www.youtube.com/watch?v=m46kcpJvPxA
780,https://www.youtube.com/watch?v=svd52GIjvDU
781,https://www.youtube.com/watch?v=5EGMCP9MIOc
782,https://www.youtube.com/watch?v=FTV4Z0jQFbE
783,https://www.youtube.com/watch?v=QRODzMULKiA
784,https://www.youtube.com/watch?v=EUZ-XLOUOtk
785,https://www.youtube.com/watch?v=aII3lnSQqiU
786,https://www.youtube.com/watch?v=zQwBW0HqEQA
787,https://www.youtube.com/watch?v=pJZ73CR2oR8
788,https://www.youtube.com/watch?v=5zaYHb6IYl0
789,https://www.youtube.com/watch?v=RL7wOVHVjUg
790,https://www.youtube.com/watch?v=b02fWSlEfO8
791,https://www.youtube.com/watch?v=xruHpCkSSoY
792,https://www.youtube.com/watch?v=lCvvcnsQgiA
793,https://www.youtube.com/watch?v=eYqqfT9ZBJ0
794,https://www.youtube.com/watch?v=sUvtNPHMz7k
795,https://www.youtube.com/watch?v=jm6iMX_4-DI
796,https://www.youtube.com/watch?v=k7a5aUsZ5do
797,https://www.youtube.com/watch?v=nUGXEYGHUco
798,https://www.youtube.com/watch?v=QEorYP2vfaw
799,https://www.youtube.com/watch?v=8OoPwXO110w
800,https://www.youtube.com/watch?v=L1yJ0HlvcBQ
801,https://www.youtube.com/watch?v=rAb6uGLCsos
802,https://www.youtube.com/watch?v=BEiKa7hVg8Q
803,https://www.youtube.com/watch?v=cTk6G4tcs0w
804,https://www.youtube.com/watch?v=22aHHqfJWe0
805,https://www.youtube.com/watch?v=VwqsHLLNOMQ
806,https://www.youtube.com/watch?v=y4ROwu7m-Z4
807,https://www.youtube.com/watch?v=_s9RHneWtfo
808,https://www.youtube.com/watch?v=WEYTi4mEC6o
809,https://www.youtube.com/watch?v=1pIRKUrq-ZY
810,https://www.youtube.com/watch?v=53saGWuL-0A
811,https://www.youtube.com/watch?v=viPN1T_z9Rc
812,https://www.youtube.com/watch?v=vX_kd5XiEN8
813,https://www.youtube.com/watch?v=CpaVjjeL454
814,https://www.youtube.com/watch?v=2vjvCYYdVXQ
815,https://www.youtube.com/watch?v=RW6tg-bMAC0
816,https://www.youtube.com/watch?v=jxhia9Jap-E
817,https://www.youtube.com/watch?v=pJtE71ox6UA
818,https://www.youtube.com/watch?v=UOpJKyYGSrY
819,https://www.youtube.com/watch?v=zyZDmc-j_C0
820,https://www.youtube.com/watch?v=kc-SCAkOcO4
821,https://www.youtube.com/watch?v=DrE6ApKqgwU
822,https://www.youtube.com/watch?v=Tko6iBir6GM
823,https://www.youtube.com/watch?v=AvEhqbZyr0A
824,https://www.youtube.com/watch?v=YTrK5hovGBM
825,https://www.youtube.com/watch?v=NJXwyiuJg_Y
826,https://www.youtube.com/watch?v=4VgQ-Ip9Guo
827,https://www.youtube.com/watch?v=e4goBOyMXx8
828,https://www.youtube.com/watch?v=ypXTD2hPrY8
829,https://www.youtube.com/watch?v=14v7NeWkTF8
830,https://www.youtube.com/watch?v=uexnw54Cluk
831,https://www.youtube.com/watch?v=GmFnROiHYE4
832,https://www.youtube.com/watch?v=pXwnnlzhKSE
833,https://www.youtube.com/watch?v=5FcEqe-FAMc
834,https://www.youtube.com/watch?v=hxkEZBKd3eA
835,https://www.youtube.com/watch?v=cUhVJ5of918
836,https://www.youtube.com/watch?v=FtNBW9XQ5tw
837,https://www.youtube.com/watch?v=0En0_JEF1jU
838,https://www.youtube.com/watch?v=1u0EIGzoHwM
839,https://www.youtube.com/watch?v=rGZfrCEC6NM
840,https://www.youtube.com/watch?v=rqSvq-3mnC8
841,https://www.youtube.com/watch?v=djvupjkQJ1U
842,https://www.youtube.com/watch?v=svbuh5td5qg
843,https://www.youtube.com/watch?v=QIoXYmf_9t4
844,https://www.youtube.com/watch?v=PeqbB7V283w
845,https://www.youtube.com/watch?v=01OCG8KM1ps
846,https://www.youtube.com/watch?v=A0QsbNj9x24
847,https://www.youtube.com/watch?v=5XgyuftggTo
848,https://www.youtube.com/watch?v=IdAji34f7TE
849,https://www.youtube.com/watch?v=4YLbhZtia1Q
850,https://www.youtube.com/watch?v=Wg8gUHWlfG8
851,https://www.youtube.com/watch?v=Ez2EaGNt-u8
852,https://www.youtube.com/watch?v=iXI_-X7Wxys
853,https://www.youtube.com/watch?v=BgOMGZVkaYs
854,https://www.youtube.com/watch?v=SMoFkXtttSM
855,https://www.youtube.com/watch?v=uY24hg3SjX4
856,https://www.youtube.com/watch?v=e2FexAPcwvw
857,https://www.youtube.com/watch?v=Ch8qVm6lsZQ
858,https://www.youtube.com/watch?v=hXXpS4JlDwk
859,https://www.youtube.com/watch?v=6ONh1Z1ql5s
860,https://www.youtube.com/watch?v=yNa4oray8_8
861,https://www.youtube.com/watch?v=OrYmCoFB44Q
862,https://www.youtube.com/watch?v=oFdw8j6cq6w
863,https://www.youtube.com/watch?v=_c9I2-OwKCc
864,https://www.youtube.com/watch?v=w1e2kdzUePk
865,https://www.youtube.com/watch?v=rkf6PQFv_R4
866,https://www.youtube.com/watch?v=oAwCf-l7J3w
867,https://www.youtube.com/watch?v=XN60W6H0XWw
868,https://www.youtube.com/watch?v=RzwnXoX52y0
869,https://www.youtube.com/watch?v=6XTrWlzp59k
870,https://www.youtube.com/watch?v=UlwKBzIiIVo
871,https://www.youtube.com/watch?v=xj8HNg_zWIw
872,https://www.youtube.com/watch?v=qnO0MGka10E
873,https://www.youtube.com/watch?v=YQy7ENIDGzs
874,https://www.youtube.com/watch?v=RB2w6CdPS3o
875,https://www.youtube.com/watch?v=gewhMY2243w
876,https://www.youtube.com/watch?v=8THKAHMMwY8
877,https://www.youtube.com/watch?v=j7PYqR1iGMg
878,https://www.youtube.com/watch?v=vBLlS5E8Ogw
879,https://www.youtube.com/watch?v=FDy0FyOW6TE
880,https://www.youtube.com/watch?v=JCmK2OJGwyY
881,https://www.youtube.com/watch?v=KV5HL1AgLeY
882,https://www.youtube.com/watch?v=p-aCsUDvoSo
883,https://www.youtube.com/watch?v=1b0tmhf8c3s
884,https://www.youtube.com/watch?v=rm3i6cIxcFE
885,https://www.youtube.com/watch?v=EEnbajugGfg
886,https://www.youtube.com/watch?v=iVux9LPIiGI
887,https://www.youtube.com/watch?v=XjYbq02X_EI
888,https://www.youtube.com/watch?v=aMbnHVKiYWg
889,https://www.youtube.com/watch?v=i5rSNwv9v9s
890,https://www.youtube.com/watch?v=L_aEftRchcU
891,https://www.youtube.com/watch?v=LXmRzGvVyG8
892,https://www.youtube.com/watch?v=vGgIStDLcP8
893,https://www.youtube.com/watch?v=YSRhzyJQJTk
894,https://www.youtube.com/watch?v=Fb_DvsTQeM4
895,https://www.youtube.com/watch?v=oUuIW26LicM
896,https://www.youtube.com/watch?v=MnvqHrvPq_s
897,https://www.youtube.com/watch?v=Lrn31fEY5uc
898,https://www.youtube.com/watch?v=3_fZm5URyDY
899,https://www.youtube.com/watch?v=qpfnOJlL3SU
900,https://www.youtube.com/watch?v=NpswEmj9nig
901,https://www.youtube.com/watch?v=ltirLC4AD2E
902,https://www.youtube.com/watch?v=1jru_JwEVuE
903,https://www.youtube.com/watch?v=nn-1UU_1PX8
904,https://www.youtube.com/watch?v=MKzSpZxDrgE
905,https://www.youtube.com/watch?v=O4iiJB_z6Gk
906,https://www.youtube.com/watch?v=xbFDf8AQ--k
907,https://www.youtube.com/watch?v=OlNjbqeFZHk
908,https://www.youtube.com/watch?v=CBZDHV2DRQY
909,https://www.youtube.com/watch?v=xlWZbN8ueHo
910,https://www.youtube.com/watch?v=jJLS3PudXM8
911,https://www.youtube.com/watch?v=piQgBZSrJos
912,https://www.youtube.com/watch?v=m5VbK66a254
913,https://www.youtube.com/watch?v=pYdu5Wcv1ic
914,https://www.youtube.com/watch?v=-KZRIfxmIvU
915,https://www.youtube.com/watch?v=hC9jKtZOYbw
916,https://www.youtube.com/watch?v=8LhzFYrZF5I
917,https://www.youtube.com/watch?v=VKaSaBy6U_k
918,https://www.youtube.com/watch?v=ZCYVZQ5Eu7g
919,https://www.youtube.com/watch?v=rB4IPgf_wEk
920,https://www.youtube.com/watch?v=K_a09clEnlA
921,https://www.youtube.com/watch?v=6NFYSUs0CRM
922,https://www.youtube.com/watch?v=RoqwXweEWj8
923,https://www.youtube.com/watch?v=ifvJXR3tf0M
924,https://www.youtube.com/watch?v=3kuTzqEPQ18
925,https://www.youtube.com/watch?v=8XoR-M-pc7k
926,https://www.youtube.com/watch?v=uTgJK0oIctM
927,https://www.youtube.com/watch?v=Chqp2NXGjfs
928,https://www.youtube.com/watch?v=otNH192siU8
929,https://www.youtube.com/watch?v=CEZBZo0iA3U
930,https://www.youtube.com/watch?v=oIwpP5aOK1M
931,https://www.youtube.com/watch?v=PzKS_OaZn0k
932,https://www.youtube.com/watch?v=4AX0Lb9hBOI
933,https://www.youtube.com/watch?v=cM_PTvxDM2E
934,https://www.youtube.com/watch?v=ugnfDUiaM3k
935,https://www.youtube.com/watch?v=ZYzCfimE880
936,https://www.youtube.com/watch?v=NMf-CK0Ei2Q
937,https://www.youtube.com/watch?v=nSAJFNXqoaY
938,https://www.youtube.com/watch?v=niRd2d5NMzQ
939,https://www.youtube.com/watch?v=Zc202r6k2DA
940,https://www.youtube.com/watch?v=EXwvgX9flso
941,https://www.youtube.com/watch?v=quAf4eYEG28
942,https://www.youtube.com/watch?v=gPOqOmTsaAo
943,https://www.youtube.com/watch?v=KsXz5HEE90w
944,https://www.youtube.com/watch?v=mhalSexbDCw
945,https://www.youtube.com/watch?v=uBKRKWqvNis
946,https://www.youtube.com/watch?v=EKaIAfxw72E
947,https://www.youtube.com/watch?v=jDqKwY2m9Tk
948,https://www.youtube.com/watch?v=74r32fxbfK4
949,https://www.youtube.com/watch?v=Df5LHXffm34
950,https://www.youtube.com/watch?v=TSTLwyiBZrc
951,https://www.youtube.com/watch?v=sIBqmtI82c0
952,https://www.youtube.com/watch?v=eZfn-nN9JTI
953,https://www.youtube.com/watch?v=xG70KU1FIWg
954,https://www.youtube.com/watch?v=gSMbKtDmRk4
955,https://www.youtube.com/watch?v=OP9UcjJlf1g
956,https://www.youtube.com/watch?v=NnW4yR6xkAg
957,https://www.youtube.com/watch?v=H0cnWIaE_M0
958,https://www.youtube.com/watch?v=vcVR1Uzm_cE
959,https://www.youtube.com/watch?v=QMG9ix1YASg
960,https://www.youtube.com/watch?v=VfdXkf-2Ndc
961,https://www.youtube.com/watch?v=5eiL86XgyhQ
962,https://www.youtube.com/watch?v=AkxlE-GJPHE
963,https://www.youtube.com/watch?v=keqAHedga5g
964,https://www.youtube.com/watch?v=KE39fuOhjzY
965,https://www.youtube.com/watch?v=zzaGc5J4J_E
966,https://www.youtube.com/watch?v=kQrdN3ykOcA
967,https://www.youtube.com/watch?v=Qwqemb3a1oc
968,https://www.youtube.com/watch?v=OI7yi8iowB8
969,https://www.youtube.com/watch?v=DbLRZuwozuY
970,https://www.youtube.com/watch?v=tnGSMWstqPY
971,https://www.youtube.com/watch?v=Xeqr5k5w-Go
972,https://www.youtube.com/watch?v=vS09iu7r550
973,https://www.youtube.com/watch?v=kQQqQg5D2Ww
974,https://www.youtube.com/watch?v=PAboWtPs8f4
975,https://www.youtube.com/watch?v=dgLtE1f8o1k
976,https://www.youtube.com/watch?v=AESp-SYcDMA
977,https://www.youtube.com/watch?v=DpEz-viSqIk
978,https://www.youtube.com/watch?v=_l_GOioLd2Q
979,https://www.youtube.com/watch?v=FaqaUXfbVVg
980,https://www.youtube.com/watch?v=Cdd_WveVoTg
981,https://www.youtube.com/watch?v=phFwFYg9c5g
982,https://www.youtube.com/watch?v=ghbjFdbn7Bs
983,https://www.youtube.com/watch?v=iXvpYAxpvy0
984,https://www.youtube.com/watch?v=ByfT-458Eoc
985,https://www.youtube.com/watch?v=xu88-uyaU0A
986,https://www.youtube.com/watch?v=8rw5e5fGxNs
987,https://www.youtube.com/watch?v=8qc_Nb5pIPU
988,https://www.youtube.com/watch?v=yMgv_yvL8o8
989,https://www.youtube.com/watch?v=4Or_clL9esk
990,https://www.youtube.com/watch?v=T0GSNQJV34s
991,https://www.youtube.com/watch?v=-EKWC9SYuGo
992,https://www.youtube.com/watch?v=OZHrlH8C84U
993,https://www.youtube.com/watch?v=WsHML3uhclY
994,https://www.youtube.com/watch?v=mHC_sGg9I6A
995,https://www.youtube.com/watch?v=Re5aQ9T46TI
996,https://www.youtube.com/watch?v=_eAS3ul_ffM
997,https://www.youtube.com/watch?v=Mpb1OobQYno
998,https://www.youtube.com/watch?v=-dEaa1mCfps
999,https://www.youtube.com/watch?v=6QPFkWTMqTg
1000,https://www.youtube.com/watch?v=DDYJ6piwFVU
1001,https://www.youtube.com/watch?v=s1hncNjBWjk
1002,https://www.youtube.com/watch?v=awLTubslmxc
1003,https://www.youtube.com/watch?v=Tzug3qV9K0w
1004,https://www.youtube.com/watch?v=BuwkUs6Jr-w
1005,https://www.youtube.com/watch?v=Cbu5bhbgcag
1006,https://www.youtube.com/watch?v=4hYwI-kb6rs
1007,https://www.youtube.com/watch?v=lVbuBY0YMu4
1008,https://www.youtube.com/watch?v=JiZfUhnMdX0
1009,https://www.youtube.com/watch?v=jGyb5HCz-wU
1010,https://www.youtube.com/watch?v=kDZbaGeIbsk
1011,https://www.youtube.com/watch?v=HcPUtdmmyIQ
1012,https://www.youtube.com/watch?v=pgaMsIeN13Y
1013,https://www.youtube.com/watch?v=qkTYf0sHDiQ
1014,https://www.youtube.com/watch?v=RdcC7_E8yeM
1015,https://www.youtube.com/watch?v=58BP2q_C8Ro
1016,https://www.youtube.com/watch?v=mphn5DiugP4
1017,https://www.youtube.com/watch?v=gg2xSW0MIlM
1018,https://www.youtube.com/watch?v=rHMMX18a8ME
1019,https://www.youtube.com/watch?v=-BKwP8-YwUQ
1020,https://www.youtube.com/watch?v=hqIJ_2vAFJ4
1021,https://www.youtube.com/watch?v=HEbtSbtLtAM
1022,https://www.youtube.com/watch?v=5S5Wu7GG2JI
1023,https://www.youtube.com/watch?v=hdAW3ng8gx0
1024,https://www.youtube.com/watch?v=XQU-9ERZdDE
1025,https://www.youtube.com/watch?v=_hK2-WkRAO0
1026,https://www.youtube.com/watch?v=G4pRW1HNSlQ
1027,https://www.youtube.com/watch?v=0-c54Wi1M78
1028,https://www.youtube.com/watch?v=tWcClAKtRWA
1029,https://www.youtube.com/watch?v=MLhkBcshG7Y
1030,https://www.youtube.com/watch?v=eI7YvVLKwrA
1031,https://www.youtube.com/watch?v=TiNvg0qhR7E
1032,https://www.youtube.com/watch?v=Mjgnb1DU3LE
1033,https://www.youtube.com/watch?v=kfMToOXhpZk
1034,https://www.youtube.com/watch?v=-XAVmwIgFUY
1035,https://www.youtube.com/watch?v=bxpkO0G_mzg
1036,https://www.youtube.com/watch?v=d64219dEwXk
1037,https://www.youtube.com/watch?v=2Lad_FQ7K2w
1038,https://www.youtube.com/watch?v=ZiPzgGVJDvY
1039,https://www.youtube.com/watch?v=Ukyrbpu99mk
1040,https://www.youtube.com/watch?v=Jdx2LJDRcJ4
1041,https://www.youtube.com/watch?v=9FnyDK9xQjE
1042,https://www.youtube.com/watch?v=e81poLpIzHA
1043,https://www.youtube.com/watch?v=K9feZA-x0j4
1044,https://www.youtube.com/watch?v=C7CMdH2w0wE
1045,https://www.youtube.com/watch?v=WIWA-BYf9JY
1046,https://www.youtube.com/watch?v=oLUlOyoayBI
1047,https://www.youtube.com/watch?v=auwtdtriyTs
1048,https://www.youtube.com/watch?v=mdnp42obJKc
1049,https://www.youtube.com/watch?v=T7Rp1ljKvmY
1050,https://www.youtube.com/watch?v=f97VxiXfjl8
1051,https://www.youtube.com/watch?v=MdBxRUu81W4
1052,https://www.youtube.com/watch?v=9pKXcLkIMUw
1053,https://www.youtube.com/watch?v=zpOK4wjC4h4
1054,https://www.youtube.com/watch?v=9gti5tVKAwY
1055,https://www.youtube.com/watch?v=_RsvQC69GqE
1056,https://www.youtube.com/watch?v=mq1L2plDTrU
1057,https://www.youtube.com/watch?v=H1NOVzVU3g0
1058,https://www.youtube.com/watch?v=-ZHP-qXAFtA
1059,https://www.youtube.com/watch?v=zZAJsddI8os
1060,https://www.youtube.com/watch?v=2wVR9m8MxO4
1061,https://www.youtube.com/watch?v=PziAQZbiCpc
1062,https://www.youtube.com/watch?v=Pivo9K6Ocd0
1063,https://www.youtube.com/watch?v=Us7sk1OrcUc
1064,https://www.youtube.com/watch?v=9K09rSXhKaw
1065,https://www.youtube.com/watch?v=O86kWLgMbl8
1066,https://www.youtube.com/watch?v=TBP3T9MMLAI
1067,https://www.youtube.com/watch?v=v6D5eETBQk0
1068,https://www.youtube.com/watch?v=vf6PiQVK6oU
1069,https://www.youtube.com/watch?v=5Bf_Qk_YSI8
1070,https://www.youtube.com/watch?v=c06C1t0PnGk
1071,https://www.youtube.com/watch?v=RvFF4GUMJHA
1072,https://www.youtube.com/watch?v=2O1wWt2Etzw
1073,https://www.youtube.com/watch?v=1tRdbmroncE
1074,https://www.youtube.com/watch?v=Ptf8icUjT1U
1075,https://www.youtube.com/watch?v=kOGw8hjBTCQ
1076,https://www.youtube.com/watch?v=I33BwmAz1sY
1077,https://www.youtube.com/watch?v=BgYxdQJyxnI
1078,https://www.youtube.com/watch?v=30eFAm74wp0
1079,https://www.youtube.com/watch?v=Ly9OyM0OT8s
1080,https://www.youtube.com/watch?v=KH0w5TZnJaA
1081,https://www.youtube.com/watch?v=gzyV6z-qlg8
1082,https://www.youtube.com/watch?v=KJKKYjJyBDc
1083,https://www.youtube.com/watch?v=h04EwT9Jc5Y
1084,https://www.youtube.com/watch?v=xqq78GsLXSA
1085,https://www.youtube.com/watch?v=uuGl5o8b3Zk
1086,https://www.youtube.com/watch?v=Dgdz6bfRMdc
1087,https://www.youtube.com/watch?v=Uql1eQGq9Dg
1088,https://www.youtube.com/watch?v=12vWzsPs0vM
1089,https://www.youtube.com/watch?v=7LsW-RtaaTs
1090,https://www.youtube.com/watch?v=yqw1Nf91fYA
1091,https://www.youtube.com/watch?v=4r_Rw6wMdjo
1092,https://www.youtube.com/watch?v=5qE2KJS1C4U
1093,https://www.youtube.com/watch?v=nlxExEAqmaM
1094,https://www.youtube.com/watch?v=bTJA2xT3DwY
1095,https://www.youtube.com/watch?v=JD72ZSFf0nE
1096,https://www.youtube.com/watch?v=RN7_Q38RePk
1097,https://www.youtube.com/watch?v=wmCl7By2wfk
1098,https://www.youtube.com/watch?v=8aQ9TL68BeU
1099,https://www.youtube.com/watch?v=OPdpILw2db0
1100,https://www.youtube.com/watch?v=7sFOFRkpH2A
1101,https://www.youtube.com/watch?v=7TKUangZtOs
1102,https://www.youtube.com/watch?v=MkXN0yqJRFM
1103,https://www.youtube.com/watch?v=fAEdbwfwFMA
1104,https://www.youtube.com/watch?v=EL5QRN_by4k
1105,https://www.youtube.com/watch?v=wIkiE0PE8bE
1106,https://www.youtube.com/watch?v=3nvTs9lkhag
1107,https://www.youtube.com/watch?v=pWtpwjj7ZdY
1108,https://www.youtube.com/watch?v=VUoEdUgvGNo
1109,https://www.youtube.com/watch?v=R2RvDt6NWlo
1110,https://www.youtube.com/watch?v=ZgccHLOj3W4
1111,https://www.youtube.com/watch?v=23A-54jjIGU
1112,https://www.youtube.com/watch?v=NVZ4Jb9tLX4
1113,https://www.youtube.com/watch?v=W4DYiHRwlLg
1114,https://www.youtube.com/watch?v=TFvewBsraIY
1115,https://www.youtube.com/watch?v=moPw_KF1RoU
1116,https://www.youtube.com/watch?v=4K7cRxXuQ_k
1117,https://www.youtube.com/watch?v=XS8IM6SzI3M
1118,https://www.youtube.com/watch?v=iTH0jHapzt4
1119,https://www.youtube.com/watch?v=Twk2gTjHVFE
1120,https://www.youtube.com/watch?v=JvrArfd__D0
1121,https://www.youtube.com/watch?v=x13K19_JwgY
1122,https://www.youtube.com/watch?v=z2G52O_7nd4
1123,https://www.youtube.com/watch?v=nkO0x0uWiNs
1124,https://www.youtube.com/watch?v=8utUFjNarDI
1125,https://www.youtube.com/watch?v=oyr7q5BrGEA
1126,https://www.youtube.com/watch?v=sCUgeC5ACv8
1127,https://www.youtube.com/watch?v=r-l0R0Cqst8
1128,https://www.youtube.com/watch?v=i0h5G6sd_uI
1129,https://www.youtube.com/watch?v=5Bk1qNIt-1g
1130,https://www.youtube.com/watch?v=gPGOaKy7h2o
1131,https://www.youtube.com/watch?v=0-ay-xFRUKQ
1132,https://www.youtube.com/watch?v=pvLmWz3tWz8
1133,https://www.youtube.com/watch?v=uUxK-X0spwo
1134,https://www.youtube.com/watch?v=_zYbZY-gZYw
1135,https://www.youtube.com/watch?v=NfB2chtSy-I
1136,https://www.youtube.com/watch?v=FAjQLbmFMKU
1137,https://www.youtube.com/watch?v=2fw1r4Z6f0s
1138,https://www.youtube.com/watch?v=HcNgEXuYT3k
1139,https://www.youtube.com/watch?v=a7CxGA6qQPE
1140,https://www.youtube.com/watch?v=sB6Z3grKxJQ
1141,https://www.youtube.com/watch?v=V-u_RJY47lc
1142,https://www.youtube.com/watch?v=vSJ66ADJd2o
1143,https://www.youtube.com/watch?v=wvnS_xmfRZc
1144,https://www.youtube.com/watch?v=XhTNR09HlV4
1145,https://www.youtube.com/watch?v=OxGEY-ydojk
1146,https://www.youtube.com/watch?v=UuT1LNp5SJY
1147,https://www.youtube.com/watch?v=8_b2U7FS5-g
1148,https://www.youtube.com/watch?v=_l2H_Jh7-y0
1149,https://www.youtube.com/watch?v=_FbqYwmiYwI
1150,https://www.youtube.com/watch?v=K1pNjKHmH8E
1151,https://www.youtube.com/watch?v=zdPLAWmBN9U
1152,https://www.youtube.com/watch?v=bXNxBFBfwjs
1153,https://www.youtube.com/watch?v=lBu-SJHNveA
1154,https://www.youtube.com/watch?v=V3CNvFSd4r8
1155,https://www.youtube.com/watch?v=R5_sfvFhcuI
1156,https://www.youtube.com/watch?v=q5CZUnsWkYQ
1157,https://www.youtube.com/watch?v=HjdyDvhKH1Y
1158,https://www.youtube.com/watch?v=dJHs85IPs-w
1159,https://www.youtube.com/watch?v=MKo0d51Udxs
1160,https://www.youtube.com/watch?v=c9CRzUiDNMg
1161,https://www.youtube.com/watch?v=EV6BNZ_F8zo
1162,https://www.youtube.com/watch?v=UZx0_nO2F4s
1163,https://www.youtube.com/watch?v=2pMDrKMiVQ0
1164,https://www.youtube.com/watch?v=kAINy8V72d4
1165,https://www.youtube.com/watch?v=k8tYXDKb2yE
1166,https://www.youtube.com/watch?v=_WMTtzIZQR8
1167,https://www.youtube.com/watch?v=Ak5uS3B8Gj0
1168,https://www.youtube.com/watch?v=MS9Uk43U5eg
1169,https://www.youtube.com/watch?v=mbowrScsq5I
1170,https://www.youtube.com/watch?v=e0Tty0V1q2U
1171,https://www.youtube.com/watch?v=DkXWvE5wP1Q
1172,https://www.youtube.com/watch?v=cgaNiTvh33E
1173,https://www.youtube.com/watch?v=664YicsoYkg
1174,https://www.youtube.com/watch?v=GfKmguqX-2g
1175,https://www.youtube.com/watch?v=H4h4vsJ9it0
1176,https://www.youtube.com/watch?v=AjWwHkAlPSo
1177,https://www.youtube.com/watch?v=JZ-YhnET_i4
1178,https://www.youtube.com/watch?v=Y1UpPT12Ws4
1179,https://www.youtube.com/watch?v=2ZwbI4ksbW4
1180,https://www.youtube.com/watch?v=jYLGziSgI-Y
1181,https://www.youtube.com/watch?v=1TCoY0arWX8
1182,https://www.youtube.com/watch?v=4KDkldXTj6w
1183,https://www.youtube.com/watch?v=Q9nVne-dtTE
1184,https://www.youtube.com/watch?v=szbANrFzeHI
1185,https://www.youtube.com/watch?v=2UNwt4RmvJs
1186,https://www.youtube.com/watch?v=JxQ-V-xhaF4
1187,https://www.youtube.com/watch?v=XCwMrnVvSTU
1188,https://www.youtube.com/watch?v=TQEhLXkNdmo
1189,https://www.youtube.com/watch?v=65Ytcr-KweQ
1190,https://www.youtube.com/watch?v=HDhhi68vtws
1191,https://www.youtube.com/watch?v=x2-nP7i6T34
1192,https://www.youtube.com/watch?v=C0uVC700EIA
1193,https://www.youtube.com/watch?v=AvhUUY8yD08
1194,https://www.youtube.com/watch?v=IrX7AcU07To
1195,https://www.youtube.com/watch?v=8B__xDUKqbM
1196,https://www.youtube.com/watch?v=QYbyobdXlrg
1197,https://www.youtube.com/watch?v=Wt9_bvjCFf0
1198,https://www.youtube.com/watch?v=pOvYwchAvCA
1199,https://www.youtube.com/watch?v=JxttUGnNuCU
1200,https://www.youtube.com/watch?v=8-Qs1mnoJ2M
1201,https://www.youtube.com/watch?v=d3iFlT8SlvA
1202,https://www.youtube.com/watch?v=ch9HorGagHE
1203,https://www.youtube.com/watch?v=OqdNZTHxPxM
1204,https://www.youtube.com/watch?v=daPAcFFSFdY
1205,https://www.youtube.com/watch?v=WmO3uCp23b4
1206,https://www.youtube.com/watch?v=Hq8dokDswaI
1207,https://www.youtube.com/watch?v=USBB7ttg_Zw
1208,https://www.youtube.com/watch?v=O6ToralUhKE
1209,https://www.youtube.com/watch?v=Ofzb23J4kJE
1210,https://www.youtube.com/watch?v=ouaD1sBtMCY
1211,https://www.youtube.com/watch?v=6HqlknZbqJI
1212,https://www.youtube.com/watch?v=hGaKK3XrMJQ
1213,https://www.youtube.com/watch?v=vO4R-y3Lo-Q
1214,https://www.youtube.com/watch?v=V7BL9HKZYMY
1215,https://www.youtube.com/watch?v=yN2Yw-yYeCQ
1216,https://www.youtube.com/watch?v=YNdxmNNay0s
1217,https://www.youtube.com/watch?v=-fBnD0fkYjY
1218,https://www.youtube.com/watch?v=AIMfSclMnts
1219,https://www.youtube.com/watch?v=qk3NIyaw8Nc
1220,https://www.youtube.com/watch?v=YzxUZzMrlfQ
1221,https://www.youtube.com/watch?v=YOs0Y4TtK-U
1222,https://www.youtube.com/watch?v=2QFRRL50-ds
1223,https://www.youtube.com/watch?v=ZXpCDByQPdA
1224,https://www.youtube.com/watch?v=TOXF8LXEFJw
1225,https://www.youtube.com/watch?v=1Lar6nLIVHM
1226,https://www.youtube.com/watch?v=Oc1_KfrfZ78
1227,https://www.youtube.com/watch?v=tEltpY8vBPM
1228,https://www.youtube.com/watch?v=3sLGCWGm610
1229,https://www.youtube.com/watch?v=js_G3G02AkU
1230,https://www.youtube.com/watch?v=x0bAAhTQTZ0
1231,https://www.youtube.com/watch?v=Yesf31dK4f8
1232,https://www.youtube.com/watch?v=JFWxTf65tsU
1233,https://www.youtube.com/watch?v=ICHMWOFTlV8
1234,https://www.youtube.com/watch?v=eMgVB0zoiPo
1235,https://www.youtube.com/watch?v=rvA3K-ORxPg
1236,https://www.youtube.com/watch?v=dEqKhmTTXJk
1237,https://www.youtube.com/watch?v=WMBlkdbFSec
1238,https://www.youtube.com/watch?v=nIe0v0YKgxc
1239,https://www.youtube.com/watch?v=fOTAD7DmbzY
1240,https://www.youtube.com/watch?v=iUi1M7YkDe4
1241,https://www.youtube.com/watch?v=YqUSyPUFVVY
1242,https://www.youtube.com/watch?v=Gq7HH_fxXAw
1243,https://www.youtube.com/watch?v=e_2siTxUhOY
1244,https://www.youtube.com/watch?v=pnobosMK_8w
1245,https://www.youtube.com/watch?v=nRmfrVR4uC8
1246,https://www.youtube.com/watch?v=G0ooGZA_gyc
1247,https://www.youtube.com/watch?v=q2UqLlnCrDQ
1248,https://www.youtube.com/watch?v=w1gxYuOihJ4
1249,https://www.youtube.com/watch?v=LsLPHd8j47g
1250,https://www.youtube.com/watch?v=Oj-vA63nsBI
1251,https://www.youtube.com/watch?v=_uiJmaRenRY
1252,https://www.youtube.com/watch?v=PINlGOKF9Lk
1253,https://www.youtube.com/watch?v=43o9FK_9BTQ
1254,https://www.youtube.com/watch?v=oq-TjVH-sXc
1255,https://www.youtube.com/watch?v=FcacQtwd8nw
1256,https://www.youtube.com/watch?v=4IkIGhuhuxo
1257,https://www.youtube.com/watch?v=4OgPa7MKjRA
1258,https://www.youtube.com/watch?v=Ha2G4DkLJNI
1259,https://www.youtube.com/watch?v=OfXYPCM0zHg
1260,https://www.youtube.com/watch?v=AxhkozLNDO4
1261,https://www.youtube.com/watch?v=c-_wyzijVJc
1262,https://www.youtube.com/watch?v=Lks7VnB5LAw
1263,https://www.youtube.com/watch?v=iP4y9hFPYkU
1264,https://www.youtube.com/watch?v=-PKUJCIJSfc
1265,https://www.youtube.com/watch?v=9sCkzh3mWyk
1266,https://www.youtube.com/watch?v=_dmHLxqbXYU
1267,https://www.youtube.com/watch?v=dlZMue-O4yU
1268,https://www.youtube.com/watch?v=xv908em4LtY
1269,https://www.youtube.com/watch?v=9nBWFM7XTEw
1270,https://www.youtube.com/watch?v=omuhMcN9z-M
1271,https://www.youtube.com/watch?v=3vwSPlDrgtU
1272,https://www.youtube.com/watch?v=XIJAZM5G5Fg
1273,https://www.youtube.com/watch?v=qiW-RooLqmU
1274,https://www.youtube.com/watch?v=KGT50cEkaYc
1275,https://www.youtube.com/watch?v=Qy0Q_AYs63Y
1276,https://www.youtube.com/watch?v=n7mWdmfZtas
1277,https://www.youtube.com/watch?v=UiVYFFRs_BE
1278,https://www.youtube.com/watch?v=y8qtlBqUHVY
1279,https://www.youtube.com/watch?v=QPLEx-eh3FA
1280,https://www.youtube.com/watch?v=Arxus4I23hM
1281,https://www.youtube.com/watch?v=XtDG3hs5Vww
1282,https://www.youtube.com/watch?v=3BE_A2v9SmI
1283,https://www.youtube.com/watch?v=6eBjCP_-NLk
1284,https://www.youtube.com/watch?v=J-c-3Dl3cPg
1285,https://www.youtube.com/watch?v=5jTL9iguDEQ
1286,https://www.youtube.com/watch?v=zHhIlBOiLV0
1287,https://www.youtube.com/watch?v=rgrsKmy6Ixo
1288,https://www.youtube.com/watch?v=yLUqpb4UosQ
1289,https://www.youtube.com/watch?v=JaEroT7p4Eg
1290,https://www.youtube.com/watch?v=Rk1cANhQqOA
1291,https://www.youtube.com/watch?v=z_VOGdJZ-0M
1292,https://www.youtube.com/watch?v=iqBJ9_Vyj50
1293,https://www.youtube.com/watch?v=b5ilZ1gWf98
1294,https://www.youtube.com/watch?v=TCXFjz80QJg
1295,https://www.youtube.com/watch?v=e3yRZaynPE0
1296,https://www.youtube.com/watch?v=GTzo1xSxZYc
1297,https://www.youtube.com/watch?v=7zsfpnwd8xQ
1298,https://www.youtube.com/watch?v=ZcmzabBVLh8
1299,https://www.youtube.com/watch?v=ISPhUbvcsGM
1300,https://www.youtube.com/watch?v=DkH9Gbuake0
1301,https://www.youtube.com/watch?v=rNfLyEuSJqQ
1302,https://www.youtube.com/watch?v=sjiS9w3oDCQ
1303,https://www.youtube.com/watch?v=Cas5ua1POtg
1304,https://www.youtube.com/watch?v=-1ZDDljnvpE
1305,https://www.youtube.com/watch?v=9WwAOTdcz9M
1306,https://www.youtube.com/watch?v=KM321AxKqfs
1307,https://www.youtube.com/watch?v=j5liKSg0V7Y
1308,https://www.youtube.com/watch?v=2pGld2ES25Y
1309,https://www.youtube.com/watch?v=hMIcEJHAOpQ
1310,https://www.youtube.com/watch?v=16Tx4ziSsHQ
1311,https://www.youtube.com/watch?v=wm3w0aeuTZA
1312,https://www.youtube.com/watch?v=YqdiH_sWwbs
1313,https://www.youtube.com/watch?v=W5dUz5eEAOk
1314,https://www.youtube.com/watch?v=r5x53NkAgiY
1315,https://www.youtube.com/watch?v=TFLo8NDnHVc
1316,https://www.youtube.com/watch?v=H_KBZHmuapc
1317,https://www.youtube.com/watch?v=RSA1dVFrXLE
1318,https://www.youtube.com/watch?v=O4g_GLACbbc
1319,https://www.youtube.com/watch?v=tVP3b9ctMDs
1320,https://www.youtube.com/watch?v=94DXmFeY4rY
1321,https://www.youtube.com/watch?v=iy1dH-sihrM
1322,https://www.youtube.com/watch?v=0maUAh9KyDU
1323,https://www.youtube.com/watch?v=f8CkcLy2M9Q
1324,https://www.youtube.com/watch?v=yGa5skG6v0c
1325,https://www.youtube.com/watch?v=EOmAirYA68Q
1326,https://www.youtube.com/watch?v=FoDKr4N5B_I
1327,https://www.youtube.com/watch?v=kYXi_b2RbNc
1328,https://www.youtube.com/watch?v=XxC5Z0ks7-4
1329,https://www.youtube.com/watch?v=y654bSj5Za8
1330,https://www.youtube.com/watch?v=VzMvN2kV7aM
1331,https://www.youtube.com/watch?v=ApeaDg1I_64
1332,https://www.youtube.com/watch?v=A8K-61sk14E
1333,https://www.youtube.com/watch?v=l2ue2eQgrsM
1334,https://www.youtube.com/watch?v=hhE5jIsgNPk
1335,https://www.youtube.com/watch?v=Nnj3lgbYCKE
1336,https://www.youtube.com/watch?v=CGQSzB86el0
1337,https://www.youtube.com/watch?v=fAJg1HaI8T4
1338,https://www.youtube.com/watch?v=1jd2ExizuXA
1339,https://www.youtube.com/watch?v=CWxE1tGsudI
1340,https://www.youtube.com/watch?v=tQQMpvRHsXo
1341,https://www.youtube.com/watch?v=I5uTg8Jo3AM
1342,https://www.youtube.com/watch?v=5Iv6ALdNDro
1343,https://www.youtube.com/watch?v=cCi67oRxIRo
1344,https://www.youtube.com/watch?v=KpG7h_hV3IQ
1345,https://www.youtube.com/watch?v=gW9hUBB5Rl4
1346,https://www.youtube.com/watch?v=uU26G59tnKU
1347,https://www.youtube.com/watch?v=XyhFeNz7yPY
1348,https://www.youtube.com/watch?v=1MVrzLE5P5c
1349,https://www.youtube.com/watch?v=yEhrNelOACU
1350,https://www.youtube.com/watch?v=7Wx1ooWnjQ0
1351,https://www.youtube.com/watch?v=nX1b6GEJ8XU
1352,https://www.youtube.com/watch?v=vdMGpFPjFX8
1353,https://www.youtube.com/watch?v=AVhOK75I748
1354,https://www.youtube.com/watch?v=Qk2q1KaVUFA
1355,https://www.youtube.com/watch?v=BEBy1JvNq-A
1356,https://www.youtube.com/watch?v=cGNvKV4u6zw
1357,https://www.youtube.com/watch?v=wIhvYIZVJpE
1358,https://www.youtube.com/watch?v=Few1Uip06nc
1359,https://www.youtube.com/watch?v=UvlSe59Zsxo
1360,https://www.youtube.com/watch?v=Dg147Whvj54
1361,https://www.youtube.com/watch?v=dE1TS8Iou7Y
1362,https://www.youtube.com/watch?v=o7XX24abClg
1363,https://www.youtube.com/watch?v=5mxuH04fICI
1364,https://www.youtube.com/watch?v=ZsbMX_W8Sd0
1365,https://www.youtube.com/watch?v=8L3oiS0BYBM
1366,https://www.youtube.com/watch?v=8ppu1OCMavc
1367,https://www.youtube.com/watch?v=X_e6aVgSJC8
1368,https://www.youtube.com/watch?v=Xfb-wVuSLFk
1369,https://www.youtube.com/watch?v=sY7shUArT1E
1370,https://www.youtube.com/watch?v=A4WXECuIl4g
1371,https://www.youtube.com/watch?v=jlWPgdcUmg8
1372,https://www.youtube.com/watch?v=osfmR6aLLB8
1373,https://www.youtube.com/watch?v=p0hz3zpfPiw
1374,https://www.youtube.com/watch?v=Dx4504u6MBk
1375,https://www.youtube.com/watch?v=L-O8SNDep2E
1376,https://www.youtube.com/watch?v=HdrRm4qNlv8
1377,https://www.youtube.com/watch?v=2t9BCOeWAyI
1378,https://www.youtube.com/watch?v=oP7qeMPQ4bo
1379,https://www.youtube.com/watch?v=mWj7Q3dgNyk
1380,https://www.youtube.com/watch?v=SG2s-VdCJ3c
1381,https://www.youtube.com/watch?v=y8mVTZ8-DQw
1382,https://www.youtube.com/watch?v=DjH3YqGFUOs
1383,https://www.youtube.com/watch?v=p_fr7NVdZ9A
1384,https://www.youtube.com/watch?v=MxhpSbunGcE
1385,https://www.youtube.com/watch?v=JwVHm9UctQA
1386,https://www.youtube.com/watch?v=UHkLV3YRQnQ
1387,https://www.youtube.com/watch?v=hdASrGX-5Q4
1388,https://www.youtube.com/watch?v=4YYcSuP0edY
1389,https://www.youtube.com/watch?v=CsoHQreX178
1390,https://www.youtube.com/watch?v=MHuyFFnOOi8
1391,https://www.youtube.com/watch?v=472kQ6OU21A
1392,https://www.youtube.com/watch?v=ZvsQUKyJHmU
1393,https://www.youtube.com/watch?v=9MNsxX-__xM
1394,https://www.youtube.com/watch?v=Oyo4zWeNemQ
1395,https://www.youtube.com/watch?v=pe0M2vy-Byg
1396,https://www.youtube.com/watch?v=lqWznLwLl1Q
1397,https://www.youtube.com/watch?v=PjiTB9eAyho
1398,https://www.youtube.com/watch?v=04pcz4b84zk
1399,https://www.youtube.com/watch?v=MUSNfSfhWGs
1400,https://www.youtube.com/watch?v=7c59gp8DvzM
1401,https://www.youtube.com/watch?v=sOYWas_P_F8
1402,https://www.youtube.com/watch?v=rDAHDj-qPsE
1403,https://www.youtube.com/watch?v=0peBVJuZXKE
1404,https://www.youtube.com/watch?v=euj-sXYys9o
1405,https://www.youtube.com/watch?v=WGSGtdglZzg
1406,https://www.youtube.com/watch?v=_4AidWmr9go
1407,https://www.youtube.com/watch?v=GiUM4V50aLA
1408,https://www.youtube.com/watch?v=hPwqwx_Ibxs
1409,https://www.youtube.com/watch?v=fABy0TdJu_Y
1410,https://www.youtube.com/watch?v=PfVHYS3oC_4
1411,https://www.youtube.com/watch?v=4P0mQYuoNKw
1412,https://www.youtube.com/watch?v=ewY9Q_4cT3E
1413,https://www.youtube.com/watch?v=bI-yhj9WgxQ
1414,https://www.youtube.com/watch?v=EoZ1C9fx4VI
1415,https://www.youtube.com/watch?v=eY4NhL4H2i4
1416,https://www.youtube.com/watch?v=253EkOqCrmM
1417,https://www.youtube.com/watch?v=jLogQUt9aHk
1418,https://www.youtube.com/watch?v=OaQxJi4f-Wc
1419,https://www.youtube.com/watch?v=jLkaRgexkRU
1420,https://www.youtube.com/watch?v=V10Xdg9Q-Mc
1421,https://www.youtube.com/watch?v=-ikybIcEm8U
1422,https://www.youtube.com/watch?v=79g-vG3S2oY
1423,https://www.youtube.com/watch?v=m-s36Yb1QAA
1424,https://www.youtube.com/watch?v=USLpGQ4nBCU
1425,https://www.youtube.com/watch?v=RNQc0Vzs99o
1426,https://www.youtube.com/watch?v=CQtPUAoLvPw
1427,https://www.youtube.com/watch?v=Ei7I0Yzljeo
1428,https://www.youtube.com/watch?v=Syow3IC2UcM
1429,https://www.youtube.com/watch?v=HCBHT7c7tnA
1430,https://www.youtube.com/watch?v=lmwztJG-mM4
1431,https://www.youtube.com/watch?v=iQGDXHDks9c
1432,https://www.youtube.com/watch?v=lGEUIit-TnU
1433,https://www.youtube.com/watch?v=MpQL80l4OjY
1434,https://www.youtube.com/watch?v=zth_zJtc9n0
1435,https://www.youtube.com/watch?v=16mKLn8grs0
1436,https://www.youtube.com/watch?v=t51mPBb7_9w
